id,title,description,availability,condition,price,sale_price,link,image_link,additional_image_link,brand,product_type
"p1","M600X Solar Kit","12W solar home system, 4 lamps, USB, 5200mAh battery.","in stock","new","1500.00 GHS","1400.00 GHS","https://elitevoltsystems.com/products/m600x-solar-kit.html","https://elitevoltsystems.com/images/M600X.jpeg","https://elitevoltsystems.com/images/M600X-2.jpeg","EliteVolt Systems","Solar Kits"
"p2","Lumn Home 840","LUMN Home 840lm delivers four high-intensity LED bulbs, ensuring every corner stays bright. Built with MPPT solar charging, wireless switches, and pay-go compatibility, it offers modern energy solutions for off-grid communities.Up to 10 hours of lighting at full brightness Four 210-lumen LED lamps with 3 brightness settings 12W solar panel & 40Wh battery for efficient energy storage","in stock","new","1500.00 GHS","","https://elitevoltsystems.com/products/lumn-home-840.html","https://elitevoltsystems.com/images/Lumn%20Home%20840.jpg","https://elitevoltsystems.com/images/Lumn%20Home%20840-2.jpg","EliteVolt Systems","Solar Kits"
"p3","Lumn Home 1230","LUMN Home 1230lm is designed for large rooms, classrooms, or shared spaces. The system is easy to install, Bluetooth-enabled, and powered by a smart solar hub for uninterrupted lighting. 6-7 hours of runtime at full brightness. Three 410-lumen tube lights. MPPT solar charging for maximum efficiency. Durable LiFePO4 battery with 2000 cycles","in stock","new","1600.00 GHS","","https://elitevoltsystems.com/products/lumn-home-1230.html","https://elitevoltsystems.com/images/Lumn%20Home%201230.jpg","https://elitevoltsystems.com/images/Lumn%20Home%201230-2.jpg","EliteVolt Systems","Solar Kits"
"p4","Solar Barber Shop 06Ah Starter Pack","The Solar Barber Shop 06Ah Starter Pack includes a 20W solar panel, 6Ah lithium battery Hub for energy storage, two cordless haircutters with accessories such as limit combs, a cleaning brush, and lubricating oil, two efficient LED tube lights and a multi-functional torch.","in stock","new","3500.00 GHS","","https://elitevoltsystems.com/products/solar-barber-shop-06ah-starter-pack.html","https://elitevoltsystems.com/images/Solar%20barber%20kit.jpeg","https://elitevoltsystems.com/images/barberkit.jpg","EliteVolt Systems","Solar Kits"
"p5","Solar speaker","Reliable sound system for events such as road-show campaigns, weddings, churches, karaoke, USB/SD card functionalities, connectivity to Bluetooth devices, digital FM radio for local radio stations","in stock","new","7500.00 GHS","","https://elitevoltsystems.com/products/solar-speaker.html","https://elitevoltsystems.com/images/solar-speaker.jpeg","https://elitevoltsystems.com/images/solar-speaker2.jpeg","EliteVolt Systems","Solar Kits"
"p6","16inch Solar fan","The 16-Inch Built-in Battery Solar Stand Fan Pack comprises a 25W solar panel and 16-inch stand fan with built-in battery. This portable pack allows direct fan charging and boasts a noiseless, brushless motor for an elegant touch in homes and shops. With 4-speed levels, natural wind mode, and timer function, the fan provides flexible cooling options lasting up to 40 hours and includes LED lighting.","in stock","new","1750.00 GHS","","https://elitevoltsystems.com/products/16inch-solar-fan.html","https://elitevoltsystems.com/images/16in%20Solar%20fan.jpeg","https://elitevoltsystems.com/images/solar-fan.jpg","EliteVolt Systems","Solar Kits"
"p7","Ritar 12V 200Ah (Deep Cycle Gel Battery)","DG (Deep Cycle GEL) series is designed for frequent cyclic charge and discharge applications under extreme environments. By using strong grids, high-purity lead and patented Gel electrolyte, DG series offers excellent recovery after deep discharge under frequent cyclic discharge, and can deliver 400 cycles at 100% DOD. Suitable for solar, CATV, marine, RV and deep discharge UPS applications.","out of stock","new","5000.00 GHS","","https://elitevoltsystems.com/products/ritar-12v-200ah-deep-cycle-gel-battery.html","https://www.ritarpower.com/uploads/image/20251226/dg-series-lead-acid-batteries-bulk.webp","https://images.unsplash.com/photo-1622484214887-b6bb5e7fc5b3?w=300&h=300&fit=crop","EliteVolt Systems","Batteries > Gel batteries"
"p8","SRNE Hybrid Inverter 5kW HV","Single-Phase Off-grid Solar Storage Inverter, Compatible with 48V storage batteries, Up to 6 units in parallel for 30kW, Time-slot function to save cost with peak-valley, Off-grid/without battery output mode, Aesthetically industrial design appearance, Support BMS communication","in stock","new","8500.00 GHS","7500.00 GHS","https://elitevoltsystems.com/products/srne-hybrid-inverter-5kw-hv.html","https://elitevoltsystems.com/images/5kw-hv-srne1.png","https://elitevoltsystems.com/images/5kw-hv-srne2.png","EliteVolt Systems","Inverters"
"p9","SRNE Hybrid Inverter 6kW HV","Single-Phase Off-grid Solar Storage Inverter □ SRNE 15 years in PV industry, committed to independent R&D and production. □ Holds over 200 patents in energy storage, with unique industry- leading technologies. □ Chooses top-quality international components to deliver high-value products to customers. □ Upholds values of customer priority, proactivity, responsibility, and innovative breakthroughs. □ Advanced MPPT technology with up to 99.9% efficiency □ Up to 6 units in parallel for 36kW □ Time-slot function to save cost with peak-valley □ Off-grid/without battery output mode □ Aesthetically industrial design appearance □ Support BMS communication","out of stock","new","8800.00 GHS","","https://elitevoltsystems.com/products/srne-hybrid-inverter-6kw-hv.html","https://elitevoltsystems.com/images/6kw-hv-srne1.png","","EliteVolt Systems","Inverters"
"p10","2p din Smart Voltage and Current protection Meter","Tuya WiFi 8in1 Power Meter 2P AC Energy Meter APP Control 170-270V/63A Voltage and Current Meter Electricity Meter Smart Life","in stock","new","300.00 GHS","","https://elitevoltsystems.com/products/2p-din-smart-voltage-and-current-protection-meter.html","https://elitevoltsystems.com/images/smart-meter1.png","https://elitevoltsystems.com/images/smart-meter2.png","EliteVolt Systems","Protective Devices"
"p11","Blue Carbon 100w All In One Integrated Solar Street Light","Blue Carbon 100w All In One Integrated Solar Street Light Suitable For Commercial, Industrial and Residential Applications","in stock","new","3000.00 GHS","2500.00 GHS","https://elitevoltsystems.com/products/blue-carbon-100w-all-in-one-integrated-solar-street-light.html","https://elitevoltsystems.com/images/bct-st-100w-1.png","https://elitevoltsystems.com/images/bct-st-100w-2.png","EliteVolt Systems","Solar Streetlights > All In One Solar Streetlights"
"p12","SRNE 12kW Single phase On/Off grid Hybrid Inverter","12kW SRNE Single Phase Low Voltage On/Off-grid Solar Hybrid Inverter","in stock","new","29000.00 GHS","23000.00 GHS","https://elitevoltsystems.com/products/srne-12kw-1ph-on.html","https://elitevoltsystems.com/images/12kw-srne-1.png","https://elitevoltsystems.com/images/12kw-srne-2.png","EliteVolt Systems","Inverters > Hybrid Inverters"
"p13","SRNE 16kWh Lithium Battery (51.2V 314Ah)","16kWh Lithium Ion Battery (51.2V 314Ah)","in stock","new","30000.00 GHS","26000.00 GHS","https://elitevoltsystems.com/products/srne-16kwh-lit.html","https://elitevoltsystems.com/images/srne-16kwh-lit-1.jpg","https://elitevoltsystems.com/images/srne-16kwh-lit-2.png","EliteVolt Systems","Batteries > Lithium Batteries"
"p14","TW Solar 620W Bifacial panel","620W Bifacial Solar Panel","in stock","new","1400.00 GHS","","https://elitevoltsystems.com/products/tw-620w.html","https://elitevoltsystems.com/images/tw-620w-1.png","https://elitevoltsystems.com/images/tw-620w-2.png","EliteVolt Systems","Solar Panels > Bifacial Panels"
